﻿pos_x,pos_y,rotation,side,designator,mpn,pack,footprint,value,mount_type,place
121.46,-73.0,90.0,top,Bat_Input1,,,PinHeader_1x02_P2.54mm_Vertical,PH1-01-UA,tht,True
183.9325,-96.0,180.0,top,C-BTST1,,,C_0402_1005Metric_Pad0.74x0.62mm_HandSolder,CL05B104KA5NNNC,smt,True
128.5,-105.0,0.0,top,C-BTST2,,,C_0402_1005Metric_Pad0.74x0.62mm_HandSolder,CL05B104KA5NNNC,smt,True
169.0,-98.9625,-90.0,top,C-DRV_SUP1,,,C_0805_2012Metric_Pad1.18x1.45mm_HandSolder,CL21A475KAQNNNE,smt,True
194.5625,-125.0,0.0,top,C-IN1,,,C_1210_3225Metric_Pad1.33x2.70mm_HandSolder,TMK325ABJ476MM-P,smt,True
188.0625,-118.0,0.0,top,C-IN2,,,C_1210_3225Metric_Pad1.33x2.70mm_HandSolder,TMK325ABJ476MM-P,smt,True
188.0625,-111.5,0.0,top,C-IN3,,,C_1210_3225Metric_Pad1.33x2.70mm_HandSolder,TMK325ABJ476MM-P,smt,True
170.0625,-149.0,180.0,top,C-IN4,,,C_1210_3225Metric_Pad1.33x2.70mm_HandSolder,TMK325ABJ476MM-P,smt,True
108.9375,-88.0,0.0,top,C-OUT1,,,C_1210_3225Metric_Pad1.33x2.70mm_HandSolder,TMK325ABJ476MM-P,smt,True
107.5,-121.0625,-90.0,top,C-OUT2,,,C_1210_3225Metric_Pad1.33x2.70mm_HandSolder,TMK325ABJ476MM-P,smt,True
181.5,-99.0375,-90.0,top,C-REGN1,,,C_0805_2012Metric_Pad1.18x1.45mm_HandSolder,CL21A475KAQNNNE,smt,True
188.2975,-92.75,0.0,top,C1,,,C_0402_1005Metric_Pad0.74x0.62mm_HandSolder,CL05B104KA5NNNC,smt,True
193.6825,-92.75,0.0,top,C2,,,C_0402_1005Metric_Pad0.74x0.62mm_HandSolder,CL05B104KA5NNNC,smt,True
191.7975,-88.5,0.0,top,C3,,,C_0402_1005Metric_Pad0.74x0.62mm_HandSolder,CL05A474KA5NNNC,smt,True
195.4625,-84.0,180.0,top,C4,,,C_0805_2012Metric_Pad1.18x1.45mm_HandSolder,CL21B105KAFNNNE,smt,True
135.0,-91.5675,-90.0,top,C7,,,C_0402_1005Metric_Pad0.74x0.62mm_HandSolder,CL05A474KA5NNNC,smt,True
133.0,-88.5675,-90.0,top,C8,,,C_0402_1005Metric_Pad0.74x0.62mm_HandSolder,CL05B104KA5NNNC,smt,True
133.0,-94.5,-90.0,top,C9,,,C_0402_1005Metric_Pad0.74x0.62mm_HandSolder,CL05B104KA5NNNC,smt,True
107.5,-98.5,0.0,top,C_Sys1,,,CP_Radial_D6.3mm_P2.50mm,860020473008,tht,True
141.0513,-59.0,180.0,top,D1,,,LED_0603_1608Metric_Pad1.05x0.95mm_HandSolder,KO EELP41.22-Q1S2-25-A8J8-020-R18,smt,True
140.9263,-62.5,180.0,top,D2,,,LED_0603_1608Metric_Pad1.05x0.95mm_HandSolder,KB EELP41.12-P1R2-36-3X4X-5-R18,smt,True
141.1763,-65.5,180.0,top,D3,,,LED_0603_1608Metric_Pad1.05x0.95mm_HandSolder,SMLD12EN1WT86,smt,True
154.5,-94.0,-90.0,top,J1,,,PinSocket_1x03_P2.54mm_Vertical,61300311121,tht,True
135.6,-144.0,180.0,top,L1,IHLP6767GZER100M01,,INDPM172172X700N,IHLP6767GZER100M01,smt,True
107.5,-109.5,0.0,top,Out_Pin1,,,PinHeader_1x01_P2.54mm_Vertical,PH1-01-UA,tht,True
113.0,-137.755,180.0,top,Q1,AONS66614,,AON6482,AONS66614,smt,True
109.0,-148.905,90.0,top,Q2,AONS66614,,AON6482,AONS66614,smt,True
154.99,-137.0,90.0,top,Q3,AONS66614,,AON6482,AONS66614,smt,True
155.0,-148.905,-90.0,top,Q4,AONS66614,,AON6482,AONS66614,smt,True
186.5,-78.95,-90.0,top,R-AC1,,,R_1210_3225Metric_Pad1.30x2.65mm_HandSolder,ESR25JZPJ105,smt,True
186.5,-70.45,-90.0,top,R-AC2,,,R_1210_3225Metric_Pad1.30x2.65mm_HandSolder,ESR25JZPJ204,smt,True
186.5,-63.05,-90.0,top,R-AC3,,,R_1210_3225Metric_Pad1.30x2.65mm_HandSolder,ESR25JZPJ753,smt,True
178.55,-111.5,0.0,top,R-AC_SNS1,,,R_1206_3216Metric_Pad1.30x1.75mm_HandSolder,MCS1632R005FER,smt,True
149.95,-71.5,0.0,top,R-CE1,,,R_1210_3225Metric_Pad1.30x2.65mm_HandSolder,ESR25JZPJ104,smt,True
175.55,-99.0,0.0,top,R-DRV_REGN1,,,R_2010_5025Metric_Pad1.40x2.65mm_HandSolder,RMCP2010FT100R,smt,True
130.5,-81.5,0.0,top,R-FB_Bot1,,,R_0805_2012Metric_Pad1.20x1.40mm_HandSolder,CPF0805B25KE1,smt,True
121.0,-81.5,180.0,top,R-FB_Top1,,,R_0805_2012Metric_Pad1.20x1.40mm_HandSolder,RNCF0805BTE250K,smt,True
167.0,-63.0,90.0,top,R-FSW1,,,R_0805_2012Metric_Pad1.20x1.40mm_HandSolder,CRCW080540K0FKEA,smt,True
149.5875,-77.0,0.0,top,R-I_Out1,,,R_0603_1608Metric_Pad0.98x0.95mm_HandSolder,ERA-3AEB302V,smt,True
169.7,-90.0,0.0,top,R-LOW1,,,R_1210_3225Metric_Pad1.30x2.65mm_HandSolder,ESR25JZPJ104,smt,True
149.45,-81.5,0.0,top,R-Pull_Down1,,,R_1210_3225Metric_Pad1.30x2.65mm_HandSolder,ESR25JZPJ104,smt,True
140.5,-69.0975,-90.0,top,R-T1,,,R_0402_1005Metric_Pad0.72x0.64mm_HandSolder,ERJ-2RKF5231X,smt,True
140.5,-73.4125,-90.0,top,R-T2,,,R_0603_1608Metric_Pad0.98x0.95mm_HandSolder,ERA-3AEB303V,smt,True
150.45,-59.0,0.0,top,R1,,,R_1206_3216Metric_Pad1.30x1.75mm_HandSolder,HRG3216P-1002-B-T1,smt,True
150.45,-62.29,0.0,top,R2,,,R_1206_3216Metric_Pad1.30x1.75mm_HandSolder,HRG3216P-1002-B-T1,smt,True
150.3987,-65.5,0.0,top,R3,,,R_1206_3216Metric_Pad1.30x1.75mm_HandSolder,HRG3216P-1002-B-T1,smt,True
187.5,-98.95,-90.0,top,R4,,,R_1210_3225Metric_Pad1.30x2.65mm_HandSolder,ESR25JZPJ100,smt,True
196.0,-98.95,-90.0,top,R5,,,R_1210_3225Metric_Pad1.30x2.65mm_HandSolder,ESR25JZPJ100,smt,True
187.95,-125.0,0.0,top,R6,,,R_1210_3225Metric_Pad1.30x2.65mm_HandSolder,ESR25JZPJ2R4,smt,True
126.4,-89.5,0.0,top,R7,,,R_2010_5025Metric_Pad1.40x2.65mm_HandSolder,RMCP2010FT100R,smt,True
126.4,-94.5,0.0,top,R8,,,R_2010_5025Metric_Pad1.40x2.65mm_HandSolder,RMCP2010FT100R,smt,True
120.0,-91.45,-90.0,top,R_BAT_SNS1,,,R_1206_3216Metric_Pad1.30x1.75mm_HandSolder,MCS1632R005FER,smt,True
191.025,-135.25,0.0,top,Solar_Panel_Input1,,,PinSocket_1x02_P2.54mm_Vertical,61300211121,tht,True
134.0,-73.0,90.0,top,Thermistor1,103AT-2,,103AT2,103AT-2,tht,True
159.0,-99.5,0.0,top,U1,,,VQFN36_RRV_TEX,BQ25756RRVR,smt,True
