﻿Designator,Quantity,Value,Footprint,Package,MPN,DNP,Mount_Type,Description,Height,Allied Part Number,Allied Price/Stock,Manufacturer_Name,Allied_Number,Arrow Part Number,Mouser Part Number,Mouser Price/Stock
Bat_Input1,1,PH1-01-UA,PinHeader_1x02_P2.54mm_Vertical,,,,tht,"Generic connector, single row, 01x02, script generated",,,,,,,,
"C-BTST1, C-BTST2, C1, C2, C8, C9",6,CL05B104KA5NNNC,C_0402_1005Metric_Pad0.74x0.62mm_HandSolder,,,,smt,Unpolarized capacitor,,,,,,,,
"C-DRV_SUP1, C-REGN1",2,CL21A475KAQNNNE,C_0805_2012Metric_Pad1.18x1.45mm_HandSolder,,,,smt,Unpolarized capacitor,,,,,,,,
"C-IN1, C-IN2, C-IN3, C-IN4, C-OUT1, C-OUT2",6,TMK325ABJ476MM-P,C_1210_3225Metric_Pad1.33x2.70mm_HandSolder,,,,smt,Unpolarized capacitor,,,,,,,,
"C3, C7",2,CL05A474KA5NNNC,C_0402_1005Metric_Pad0.74x0.62mm_HandSolder,,,,smt,Unpolarized capacitor,,,,,,,,
C4,1,CL21B105KAFNNNE,C_0805_2012Metric_Pad1.18x1.45mm_HandSolder,,,,smt,Unpolarized capacitor,,,,,,,,
C_Sys1,1,860020473008,CP_Radial_D6.3mm_P2.50mm,,,,tht,Polarized capacitor,,,,,,,,
D1,1,KO EELP41.22-Q1S2-25-A8J8-020-R18,LED_0603_1608Metric_Pad1.05x0.95mm_HandSolder,,,,smt,Light emitting diode,,,,,,,,
D2,1,KB EELP41.12-P1R2-36-3X4X-5-R18,LED_0603_1608Metric_Pad1.05x0.95mm_HandSolder,,,,smt,Light emitting diode,,,,,,,,
D3,1,SMLD12EN1WT86,LED_0603_1608Metric_Pad1.05x0.95mm_HandSolder,,,,smt,Light emitting diode,,,,,,,,
J1,1,61300311121,PinSocket_1x03_P2.54mm_Vertical,,,,tht,"Generic connector, single row, 01x03, script generated",,,,,,,,
L1,1,IHLP6767GZER100M01,INDPM172172X700N,,IHLP6767GZER100M01,,smt,Power Choke Shielded Wirewound 10uH 20% 100KHz Powdered Iron 16.5A 0.012Ohm DCR 6767 T/R,7,70396711,https://www.alliedelec.com/vishaydale-ihlp6767gzer100m01/70396711/,Vishay,70396711,,,
Out_Pin1,1,PH1-01-UA,PinHeader_1x01_P2.54mm_Vertical,,,,tht,"Generic connector, single row, 01x01, script generated",,,,,,,,
"Q1, Q2, Q3, Q4",4,AONS66614,AON6482,,AONS66614,,smt,60V N-Channel AlphaSGT TM,1.05,,,Alpha & Omega Semiconductors,,AONS66614,,
R-AC1,1,ESR25JZPJ105,R_1210_3225Metric_Pad1.30x2.65mm_HandSolder,,,,smt,Resistor,,,,,,,,
R-AC2,1,ESR25JZPJ204,R_1210_3225Metric_Pad1.30x2.65mm_HandSolder,,,,smt,Resistor,,,,,,,,
R-AC3,1,ESR25JZPJ753,R_1210_3225Metric_Pad1.30x2.65mm_HandSolder,,,,smt,Resistor,,,,,,,,
"R-AC_SNS1, R_BAT_SNS1",2,MCS1632R005FER,R_1206_3216Metric_Pad1.30x1.75mm_HandSolder,,,,smt,Resistor,,,,,,,,
"R-CE1, R-LOW1, R-Pull_Down1",3,ESR25JZPJ104,R_1210_3225Metric_Pad1.30x2.65mm_HandSolder,,,,smt,Resistor,,,,,,,,
"R-DRV_REGN1, R7, R8",3,RMCP2010FT100R,R_2010_5025Metric_Pad1.40x2.65mm_HandSolder,,,,smt,Resistor,,,,,,,,
R-FB_Bot1,1,CPF0805B25KE1,R_0805_2012Metric_Pad1.20x1.40mm_HandSolder,,,,smt,Resistor,,,,,,,,
R-FB_Top1,1,RNCF0805BTE250K,R_0805_2012Metric_Pad1.20x1.40mm_HandSolder,,,,smt,Resistor,,,,,,,,
R-FSW1,1,CRCW080540K0FKEA,R_0805_2012Metric_Pad1.20x1.40mm_HandSolder,,,,smt,Resistor,,,,,,,,
R-I_Out1,1,ERA-3AEB302V,R_0603_1608Metric_Pad0.98x0.95mm_HandSolder,,,,smt,Resistor,,,,,,,,
R-T1,1,ERJ-2RKF5231X,R_0402_1005Metric_Pad0.72x0.64mm_HandSolder,,,,smt,Resistor,,,,,,,,
R-T2,1,ERA-3AEB303V,R_0603_1608Metric_Pad0.98x0.95mm_HandSolder,,,,smt,Resistor,,,,,,,,
"R1, R2, R3",3,HRG3216P-1002-B-T1,R_1206_3216Metric_Pad1.30x1.75mm_HandSolder,,,,smt,Resistor,,,,,,,,
"R4, R5",2,ESR25JZPJ100,R_1210_3225Metric_Pad1.30x2.65mm_HandSolder,,,,smt,Resistor,,,,,,,,
R6,1,ESR25JZPJ2R4,R_1210_3225Metric_Pad1.30x2.65mm_HandSolder,,,,smt,Resistor,,,,,,,,
Solar_Panel_Input1,1,61300211121,PinSocket_1x02_P2.54mm_Vertical,,,,tht,"Generic connector, single row, 01x02, script generated",,,,,,,,
Thermistor1,1,103AT-2,103AT2,,103AT-2,,tht,NTC (Negative Temperature Coefficient) Thermistors 10kohm 1%,9.5,,,Semitec,,,954-103AT-2,https://www.mouser.co.uk/ProductDetail/Semitec/103AT-2?qs=wgO0AD0o1vvcDzsKguD%252Bew%3D%3D
U1,1,BQ25756RRVR,VQFN36_RRV_TEX,,,,smt,,,,,,,,,
