﻿Designator,Footprint,Quantity,Value,LCSC Part #
Bat_Input1,PinHeader_1x02_P2.54mm_Vertical,1,Conn_01x02_Pin,
"C-BTST1, C-BTST2, C1, C2, C8, C9",0402,6,100n,
"C-DRV_SUP1, C-REGN1",0805,2,4.7u,
"C-IN1, C-IN2, C-IN3, C-IN4, C-OUT1, C-OUT2",1210,6,47u,
"C3, C7",0402,2,470n,
C4,0805,1,1u,
C_Sys1,CP_Radial_D6.3mm_P2.50mm,1,100u,
D1,0603,1,Orange,
D2,0603,1,Green,
D3,0603,1,Blue,
J1,PinSocket_1x03_P2.54mm_Vertical,1,Conn_01x03_Pin,
L1,INDPM172172X700N,1,IHLP6767GZER100M01,
Out_Pin1,PinHeader_1x01_P2.54mm_Vertical,1,Conn_01x01_Pin,
"Q1, Q2, Q3, Q4",AON6482,4,AONS66614,
R-AC1,1210,1,1000k,
R-AC2,1210,1,200k,
R-AC3,1210,1,75k,
"R-AC_SNS1, R_BAT_SNS1",1206,2,5m,
"R-CE1, R-LOW1, R-Pull_Down1",1210,3,100k,
R-DRV_REGN1,1210,1,100,
R-FB_Bot1,0805,1,25k,
R-FB_Top1,0805,1,250k,
R-FSW1,0805,1,40k,
R-I_Out1,0603,1,3k,
R-T1,0402,1,5.23k,
R-T2,0603,1,30k,
"R1, R2, R3",1206,3,10k,
"R4, R5",1210,2,10,
R6,1210,1,2.4,
"R7, R8",2010,2,100,
Solar_Panel_Input1,PinSocket_1x02_P2.54mm_Vertical,1,Conn_01x02_Socket,
Thermistor1,103AT2,1,103AT-2,
U1,VQFN36_RRV_TEX,1,BQ25756RRVR,
